# Time (s), X (m), Y (m), Z (m), Vx (m/s), Vy (m/s), Vz (m/s), Ax (m/s²), Ay (m/s²), Az (m/s²), Angle of Attack (°)
0.000000,0.000000,0.000000,1471.466078,0.000000,0.000000,0.000000,0.000000,0.000000,0.000000,93.778730
1.000000,-0.181210,3.394525,1510.602571,-1.534452,6.424261,86.552383,-8.837596,-0.021693,99.898028,0.279014
2.000000,-8.100063,7.913087,1646.572391,-13.719113,3.470204,184.575406,-12.547177,-3.214114,94.033902,0.238719
3.000000,-28.142070,9.632393,1875.454147,-26.051385,0.220576,270.792925,-11.492663,-2.993326,77.435740,0.084940
4.000000,-56.320306,9.199896,2156.222705,-28.205013,-0.444672,275.831115,1.653439,0.466595,-21.894218,0.059516
5.000000,-83.785255,8.993510,2421.588327,-26.792118,0.007397,255.287416,1.252774,0.430539,-19.533394,0.103659
6.000000,-109.957606,9.202272,2667.376231,-25.564395,0.409122,236.541048,1.117211,0.382936,-18.023021,0.134282
7.000000,-134.962029,9.798426,2895.138105,-24.449479,0.782990,219.218348,1.095186,0.382888,-16.625174,0.168531
8.000000,-158.891085,10.762689,3106.249185,-23.403098,1.152848,203.203781,0.998300,0.352351,-15.451872,0.207526
9.000000,-181.797636,12.093124,3301.893934,-22.412014,1.511773,188.242420,1.001812,0.359641,-14.508022,0.261636
10.000000,-203.717398,13.792105,3483.015145,-21.435961,1.883481,174.126595,0.973969,0.365070,-13.741195,0.321043
11.000000,-224.683844,15.859871,3650.380835,-20.510008,2.246149,160.710338,0.817282,0.300696,-13.127209,0.379592
12.000000,-244.776000,18.273343,3804.631717,-19.680806,2.578655,147.884404,0.751669,0.279815,-12.575200,0.422399
13.000000,-264.066907,21.009573,3946.319753,-18.917872,2.889576,135.568287,0.689601,0.290380,-12.100572,0.472350
14.000000,-282.632178,24.042912,4075.913852,-18.225627,3.171217,123.686224,0.654294,0.268353,-11.686649,0.528516
15.000000,-300.539673,27.348466,4193.816296,-17.599495,3.436188,112.175469,0.577676,0.245546,-11.353290,0.592680
16.000000,-317.852040,30.903680,4300.369317,-17.035665,3.672288,100.979435,0.533020,0.215251,-11.054318,0.664986
17.000000,-334.630171,34.686747,4395.866797,-16.525214,3.889132,90.059527,0.491160,0.215997,-10.789317,0.749791
18.000000,-350.924417,38.678573,4480.565152,-16.069777,4.088955,79.373784,0.432904,0.201852,-10.576477,0.843989
19.000000,-366.783710,42.860261,4554.681702,-15.655087,4.270865,68.891454,0.385572,0.185596,-10.391899,0.958149
20.000000,-382.250901,47.215126,4618.403435,-15.283347,4.434543,58.580778,0.351957,0.166875,-10.227480,1.110628
21.000000,-397.363299,51.727561,4671.892058,-14.945399,4.583506,48.419938,0.320101,0.141439,-10.089411,1.303801
22.000000,-412.155239,56.383146,4715.285267,-14.641311,4.722141,38.384536,0.296504,0.117576,-9.977122,1.559636
23.000000,-426.656057,61.166782,4748.700196,-14.366225,4.847752,28.461019,0.264645,0.123710,-9.880324,1.904173
24.000000,-440.893079,66.068458,4772.236575,-14.114677,4.952245,18.627414,0.227230,0.105186,-9.789679,2.334099
25.000000,-454.897365,71.074510,4785.978257,-13.894774,5.055922,8.864439,0.216402,0.083939,-9.736735,2.687393
26.000000,-468.691517,76.168362,4789.982936,-13.701543,5.132734,-0.848630,0.174015,0.086552,-9.699609,2.854090
27.000000,-482.302860,81.345465,4784.283774,-13.516269,5.218733,-10.550143,0.197900,0.072890,-9.700469,2.926648
28.000000,-492.653226,88.010535,4770.843945,-3.768350,9.683413,-13.788915,12.418834,5.693844,0.314570,5.848985
29.000000,-491.517741,99.939990,4756.904539,5.048922,13.719585,-14.312088,6.320693,2.886698,-1.057817,15.835031
30.000000,-483.777846,114.886558,4741.990360,10.047452,15.996672,-15.562399,3.985057,1.809266,-1.344473,27.010507
31.000000,-471.961135,131.684507,4725.762911,13.393057,17.509794,-16.874651,2.818247,1.268393,-1.241423,37.188843
32.000000,-457.290261,149.767320,4708.305296,15.830326,18.600591,-17.999628,2.104563,0.935359,-0.997804,45.470692
33.000000,-440.497758,168.793341,4689.851187,17.671479,19.412385,-18.864609,1.603283,0.700018,-0.735266,51.830842
34.000000,-422.091816,188.524088,4670.658740,19.077699,20.019542,-19.482574,1.225693,0.521998,-0.508974,56.598324
35.000000,-402.452976,208.780202,4650.952924,20.151591,20.469813,-19.900249,0.934470,0.384354,-0.335267,60.144881
36.000000,-381.874126,229.423276,4630.907704,20.968670,20.798618,-20.169703,0.709412,0.277843,-0.211154,62.781683
37.000000,-360.581568,250.346222,4610.648024,21.587762,21.033693,-20.335786,0.536427,0.195930,-0.126643,64.745496
38.000000,-338.749150,271.466725,4590.259236,22.055154,21.196931,-20.432625,0.404347,0.133383,-0.071018,66.211022
39.000000,-316.509802,292.721834,4569.797812,22.407063,21.305487,-20.484453,0.304063,0.085906,-0.035297,67.306641
40.000000,-293.964288,314.063846,4549.299911,22.671457,21.372619,-20.507614,0.228251,0.050032,-0.012807,68.126683
41.000000,-271.188944,335.456639,4528.788502,22.869795,21.408505,-20.512869,0.171108,0.023012,0.001147,68.740996
42.000000,-248.241305,356.873007,4508.277804,23.018399,21.420885,-20.507089,0.128124,0.002707,0.009688,69.201451
43.000000,-225.164729,378.292468,4487.776525,23.129641,21.415625,-20.494589,0.095827,-0.012531,0.014848,69.546767
44.000000,-201.991267,399.699899,4467.289663,23.212713,21.397083,-20.477931,0.071614,-0.023937,0.017852,69.805427
45.000000,-178.745765,421.083596,4446.820885,23.274742,21.368639,-20.459031,0.053451,-0.032475,0.019666,69.999417
46.000000,-155.446857,442.434795,4426.372338,23.321083,21.332829,-20.439042,0.039807,-0.038874,0.020880,70.145194
47.000000,-132.107870,463.747250,4405.944416,23.355584,21.291476,-20.418209,0.029574,-0.043656,0.021595,70.254560
48.000000,-108.738865,485.016263,4385.536995,23.381146,21.245954,-20.396487,0.021919,-0.047216,0.021762,70.336407
49.000000,-85.347729,506.238162,4365.151035,23.400042,21.197338,-20.374468,0.016185,-0.049865,0.021712,70.397750
50.000000,-61.940415,527.410189,4344.787580,23.413991,21.146446,-20.352804,0.011882,-0.051839,0.021817,70.443819
51.000000,-38.521085,548.530438,4324.446013,23.424194,21.093844,-20.331192,0.008655,-0.053302,0.021898,70.478382
52.000000,-15.092982,569.597442,4304.125601,23.431603,21.039976,-20.309263,0.006317,-0.054373,0.021736,70.503544
53.000000,8.341399,590.610081,4283.827269,23.436853,20.985175,-20.287600,0.004190,-0.055197,0.021702,70.525872
54.000000,31.780280,611.567570,4263.550470,23.440605,20.929700,-20.265951,0.002931,-0.055765,0.021592,70.539502
55.000000,55.219328,632.469043,4243.295441,23.435872,20.873031,-20.243935,-0.014969,-0.057799,0.022542,70.706466
56.000000,78.645611,653.312935,4223.062851,23.413828,20.814435,-20.221113,-0.028276,-0.059295,0.023019,70.830839
57.000000,102.043490,674.097524,4202.853322,23.380224,20.754551,-20.197973,-0.038480,-0.060420,0.023271,70.926407
58.000000,125.403145,694.821720,4182.667008,23.337785,20.693701,-20.174659,-0.046011,-0.061235,0.023347,70.997158
59.000000,148.716769,715.484681,4162.504022,23.288857,20.632158,-20.151314,-0.051666,-0.061830,0.023335,71.050481
60.000000,171.979069,736.085851,4142.364364,23.234981,20.570103,-20.128006,-0.055863,-0.062255,0.023272,71.090237
61.000000,195.185920,756.624811,4122.247980,23.177373,20.507677,-20.104773,-0.058957,-0.062551,0.023181,71.119713
62.000000,218.333453,777.101181,4102.154788,23.117179,20.445014,-20.081645,-0.061279,-0.062757,0.023083,71.141998
63.000000,241.419579,797.514780,4082.084684,23.055025,20.382188,-20.058626,-0.063011,-0.062894,0.022981,71.158776
64.000000,264.442797,817.865496,4062.037547,22.991369,20.319251,-20.035711,-0.064285,-0.062978,0.022874,71.171275
65.000000,287.401845,838.153248,4042.013258,22.926600,20.256249,-20.012897,-0.065214,-0.063022,0.022762,71.180544
66.000000,310.295731,858.377985,4022.011719,22.861026,20.193217,-19.990189,-0.065887,-0.063037,0.022649,71.187422
67.000000,333.123739,878.539686,4002.032831,22.794879,20.130182,-19.967591,-0.066372,-0.063029,0.022539,71.192529
68.000000,355.885332,898.638352,3982.076493,22.728335,20.067165,-19.945105,-0.066719,-0.063006,0.022434,71.196349
69.000000,378.580207,918.674012,3962.142595,22.661506,20.004177,-19.922728,-0.066962,-0.062972,0.022333,71.199182
70.000000,401.208156,938.646706,3942.231026,22.594474,19.941229,-19.900455,-0.067124,-0.062928,0.022233,71.201253
71.000000,423.769025,958.556474,3922.341682,22.527305,19.878327,-19.878279,-0.067223,-0.062877,0.022132,71.202736
72.000000,446.262696,978.403369,3902.474456,22.460054,19.815479,-19.856198,-0.067277,-0.062820,0.022030,71.203791
73.000000,468.689101,998.187456,3882.629235,22.392770,19.752688,-19.834215,-0.067301,-0.062762,0.021928,71.204566
74.000000,491.048216,1017.908794,3862.805925,22.325479,19.689958,-19.812331,-0.067301,-0.062700,0.021827,71.205111
75.000000,513.340057,1037.567436,3843.004449,22.258195,19.627291,-19.790546,-0.067274,-0.062634,0.021729,71.205385
76.000000,535.564644,1057.163443,3823.224717,22.190933,19.564688,-19.768862,-0.067235,-0.062567,0.021633,71.205552
77.000000,557.722003,1076.696883,3803.466623,22.123709,19.502150,-19.747275,-0.067214,-0.062512,0.021540,71.205936
78.000000,579.812162,1096.167817,3783.730076,22.056534,19.439678,-19.725784,-0.067171,-0.062450,0.021449,71.206081
79.000000,601.835157,1115.576300,3764.014991,21.989417,19.377275,-19.704386,-0.067032,-0.062346,0.021356,71.205177
80.000000,623.791052,1134.922408,3744.321262,21.922359,19.314936,-19.683077,-0.067196,-0.062381,0.021267,71.207619
81.000000,645.679910,1154.206206,3724.648798,21.855378,19.252672,-19.661859,-0.066376,-0.061972,0.021162,71.199211
82.000000,667.501846,1173.427795,3704.997479,21.788409,19.190450,-19.640732,-0.069235,-0.063225,0.021116,71.231336
83.000000,689.256971,1192.587281,3685.367172,21.721405,19.128250,-19.619698,-0.079021,-0.067601,0.021177,71.339728
84.000000,710.945271,1211.684672,3665.757839,21.654536,19.066148,-19.598757,-0.084151,-0.069878,0.021169,71.396856
85.000000,732.566727,1230.719973,3646.169447,21.587986,19.004225,-19.577910,-0.071948,-0.064340,0.020898,71.263118
86.000000,754.121170,1249.693131,3626.601935,21.520240,18.941799,-19.557131,-0.077544,-0.066828,0.020893,71.325369
87.000000,775.589403,1268.595553,3607.055461,21.404046,18.857558,-19.535611,-0.151307,-0.100058,0.022111,72.138619
88.000000,796.907903,1287.398626,3587.531061,21.223867,18.744497,-19.513037,-0.206389,-0.124863,0.022920,72.746691
89.000000,818.020960,1306.077263,3568.029590,20.996015,18.609973,-19.489931,-0.247477,-0.143355,0.023221,73.201232
90.000000,838.887732,1324.613083,3548.551353,20.732508,18.459409,-19.466773,-0.278050,-0.157103,0.023144,73.540527
91.000000,859.477178,1342.992126,3529.096151,20.442522,18.296944,-19.443813,-0.300774,-0.167310,0.022808,73.793829
92.000000,879.766308,1361.204067,3509.663652,20.132889,18.125659,-19.421221,-0.317638,-0.174875,0.022337,73.982930
93.000000,899.738027,1379.241234,3490.253501,19.808726,17.947861,-19.399116,-0.330136,-0.180471,0.021844,74.124142
94.000000,919.379951,1397.098085,3470.865249,19.473769,17.765236,-19.377513,-0.339362,-0.184592,0.021387,74.229408
95.000000,938.682874,1414.770505,3451.498371,19.130827,17.579048,-19.356345,-0.346137,-0.187609,0.020968,74.307733
96.000000,957.639914,1432.255432,3432.152406,18.782027,17.390257,-19.335538,-0.351084,-0.189802,0.020582,74.365951
97.000000,976.245869,1449.550555,3412.827008,18.429003,17.199598,-19.315053,-0.354684,-0.191389,0.020238,74.409312
98.000000,994.497101,1466.654272,3393.521961,18.072932,17.007602,-19.294899,-0.357282,-0.192525,0.019966,74.441592
99.000000,1012.391082,1483.565478,3374.237012,17.714665,16.814651,-19.275038,-0.359128,-0.193322,0.019761,74.465533
100.000000,1029.925984,1500.283383,3354.971877,17.354844,16.621033,-19.255400,-0.360410,-0.193866,0.019598,74.483227
101.000000,1047.100524,1516.807445,3335.726266,16.993954,16.426968,-19.235897,-0.361271,-0.194220,0.019435,74.496261
102.000000,1063.913831,1533.137302,3316.499993,16.632356,16.232616,-19.216495,-0.361817,-0.194433,0.019263,74.505817
103.000000,1080.365290,1549.272713,3297.292952,16.270338,16.038108,-19.197198,-0.362132,-0.194543,0.019090,74.512823
104.000000,1096.454565,1565.213557,3278.105102,15.908105,15.843536,-19.178043,-0.362279,-0.194576,0.018942,74.517937
105.000000,1112.181484,1580.959790,3258.936413,15.545815,15.648971,-19.159068,-0.362305,-0.194556,0.018847,74.521657
106.000000,1127.546086,1596.511461,3239.786771,15.183561,15.454454,-19.140255,-0.362236,-0.194493,0.018795,74.524293
107.000000,1142.548488,1611.868654,3220.656017,14.821412,15.260016,-19.121562,-0.362093,-0.194398,0.018765,74.526089
108.000000,1157.188858,1627.031478,3201.543940,14.459429,15.065683,-19.102915,-0.361895,-0.194277,0.018714,74.527265
109.000000,1171.467386,1642.000052,3182.450392,14.097659,14.871478,-19.084275,-0.361654,-0.194137,0.018622,74.527997
110.000000,1185.384287,1656.774500,3163.375394,13.736139,14.677417,-19.065694,-0.361384,-0.193985,0.018522,74.528395
111.000000,1198.939807,1671.354965,3144.318935,13.374900,14.483513,-19.047213,-0.361090,-0.193821,0.018435,74.528514
112.000000,1212.134237,1685.741608,3125.280923,13.013960,14.289774,-19.028818,-0.360794,-0.193658,0.018357,74.528592
113.000000,1224.967886,1699.934600,3106.261265,12.653335,14.096208,-19.010500,-0.360438,-0.193463,0.018279,74.527967
114.000000,1237.441049,1713.934103,3087.259892,12.293015,13.902809,-18.992255,-0.360286,-0.193382,0.018218,74.529718
115.000000,1249.554036,1727.740284,3068.276733,11.933046,13.709600,-18.974084,-0.359786,-0.193109,0.018134,74.527398
116.000000,1261.307231,1741.353352,3049.311705,11.573459,13.516599,-18.955988,-0.358567,-0.192441,0.017996,74.516728
117.000000,1272.701403,1754.773729,3030.364708,11.216922,13.325277,-18.938150,-0.343231,-0.183982,0.016906,74.341640
118.000000,1283.755084,1768.011635,3011.434614,10.899504,13.155536,-18.922513,-0.293163,-0.156359,0.014848,73.759690
119.000000,1294.514527,1781.092589,2992.519454,10.625763,13.009893,-18.907863,-0.256319,-0.136031,0.014664,73.330036
120.000000,1305.016755,1794.037017,2973.618976,10.383951,12.881865,-18.893007,-0.228859,-0.120882,0.015123,73.009382
121.000000,1315.289638,1806.860297,2954.733576,10.165940,12.766969,-18.877569,-0.208354,-0.109570,0.015710,72.769920
122.000000,1325.354108,1819.573973,2935.863855,9.965653,12.661849,-18.861521,-0.192994,-0.101097,0.016226,72.590700
123.000000,1335.225310,1832.186402,2917.010455,9.778687,12.564076,-18.845019,-0.181496,-0.094756,0.016653,72.456779
124.000000,1344.914735,1844.703920,2898.173815,9.601721,12.471819,-18.828182,-0.172885,-0.090008,0.016991,72.356749
125.000000,1354.430982,1857.131269,2879.354171,9.432277,12.383708,-18.811072,-0.166435,-0.086453,0.017229,72.282133
126.000000,1363.780873,1869.472208,2860.551729,9.268400,12.298664,-18.793757,-0.161574,-0.083775,0.017377,72.226211
127.000000,1372.969375,1881.729474,2841.766650,9.108677,12.215908,-18.776311,-0.157887,-0.081745,0.017457,72.184126
128.000000,1381.999858,1893.904923,2822.999050,8.952161,12.134918,-18.758805,-0.155099,-0.080211,0.017498,72.152627
129.000000,1390.874994,1906.000024,2804.248989,8.798113,12.055284,-18.741285,-0.152992,-0.079053,0.017518,72.129162
130.000000,1399.596974,1918.015982,2785.516485,8.645929,11.976675,-18.723776,-0.151391,-0.078175,0.017525,72.111660
131.000000,1408.167464,1929.953710,2766.801500,8.495165,11.898844,-18.706279,-0.150165,-0.077503,0.017513,72.098586
132.000000,1416.587748,1941.813913,2748.103996,8.345482,11.821605,-18.688799,-0.149215,-0.076984,0.017483,72.088781
133.000000,1424.858831,1953.597140,2729.423935,8.196629,11.744819,-18.671341,-0.148468,-0.076576,0.017435,72.081367
134.000000,1432.981434,1965.303785,2710.761287,8.048434,11.668391,-18.653921,-0.147873,-0.076253,0.017377,72.075759
135.000000,1440.956105,1976.934144,2692.116021,7.900777,11.592255,-18.636556,-0.147396,-0.075995,0.017316,72.071545
136.000000,1448.783300,1988.488465,2673.488101,7.753563,11.516358,-18.619255,-0.147009,-0.075786,0.017260,72.068384
137.000000,1456.463432,1999.966970,2654.877475,7.606711,11.440656,-18.602025,-0.146686,-0.075613,0.017209,72.065989
138.000000,1463.996874,2011.369859,2636.284064,7.460157,11.365114,-18.584857,-0.146415,-0.075468,0.017159,72.064193
139.000000,1471.383945,2022.697303,2617.707784,7.313851,11.289703,-18.567743,-0.146180,-0.075342,0.017106,72.062832
140.000000,1478.624831,2033.949402,2599.148581,7.167774,11.214414,-18.550681,-0.145959,-0.075227,0.017048,72.061637
141.000000,1485.719707,2045.126245,2580.606403,7.021909,11.139237,-18.533673,-0.145747,-0.075121,0.016984,72.060572
142.000000,1492.668788,2056.227948,2562.081190,6.876227,11.064157,-18.516720,-0.145609,-0.075040,0.016919,72.060309
143.000000,1499.472277,2067.254618,2543.572886,6.730710,10.989164,-18.499826,-0.145521,-0.074976,0.016855,72.060615
144.000000,1506.130322,2078.206330,2525.081450,6.585376,10.914262,-18.482998,-0.145224,-0.074855,0.016787,72.058649
145.000000,1512.643073,2089.083166,2506.606831,6.440133,10.839420,-18.466235,-0.145457,-0.074885,0.016738,72.062423
146.000000,1519.010733,2099.885223,2488.148946,6.295228,10.764708,-18.449541,-0.143976,-0.074430,0.016640,72.047627
147.000000,1525.234838,2110.612969,2469.707691,6.156933,10.691910,-18.433073,-0.114202,-0.065930,0.015808,71.725833
148.000000,1531.350868,2121.276525,2451.282298,6.086333,10.638391,-18.417831,-0.030791,-0.042187,0.014945,70.820201
149.000000,1537.433129,2131.897045,2432.872027,6.087875,10.605407,-18.402670,0.030917,-0.024614,0.014116,70.148520
150.000000,1543.543378,2142.492111,2414.477150,6.143357,10.587779,-18.386932,0.077091,-0.011515,0.022843,69.648986
151.000000,1549.731385,2153.075893,2396.098261,6.238136,10.581347,-18.370712,0.110055,-0.001904,-0.011674,69.275084
152.000000,1556.029546,2163.657627,2377.735856,6.362672,10.583397,-18.353886,0.140513,0.005968,0.120030,68.996270
153.000000,1562.463667,2174.244663,2359.390124,6.509284,10.591760,-18.338710,0.129456,0.007781,-0.676971,68.788495
154.000000,1569.052795,2184.842485,2341.061083,6.672516,10.604845,-18.318310,0.217526,0.020694,1.288099,68.633583
155.000000,1575.812057,2195.455366,2322.748701,6.847614,10.621360,-18.302331,0.216455,0.022318,0.980915,68.517591
156.000000,1582.752028,2206.086242,2304.452851,7.030949,10.640380,-18.308250,-0.219043,-0.028648,-10.792029,68.431070
157.000000,1589.876266,2216.736836,2286.173255,7.224600,10.661767,-18.217978,1.254840,0.149240,28.199442,68.366486
158.000000,1597.201232,2227.410081,2267.910143,7.417596,10.683945,-18.280821,-0.308253,-0.037660,-13.426135,68.318816
159.000000,1604.719386,2238.105924,2249.648626,7.324957,10.672432,-26.021207,-154.207404,-18.509825,-4100.884396,68.282222
160.000000,1612.646124,2248.850672,2237.062701,8.206321,10.778484,-7.477096,0.290407,0.035291,3.668629,68.569781
161.000000,1620.957523,2259.641985,2230.569455,8.391105,10.801095,-5.994944,0.126566,0.015626,0.453461,69.137384
162.000000,1629.403697,2270.449909,2224.706330,8.495025,10.814010,-5.791622,0.088296,0.011045,0.069720,69.439635
163.000000,1637.940066,2281.269106,2218.935475,8.575487,10.824119,-5.759256,0.074796,0.009433,0.012155,69.568040
164.000000,1646.551866,2292.097813,2213.180079,8.647291,10.833195,-5.752874,0.069583,0.008811,0.003103,69.620061
165.000000,1655.233522,2302.935362,2207.428437,8.715701,10.841866,-5.750645,0.067532,0.008566,0.001797,69.640771
166.000000,1663.982819,2313.781491,2201.678637,8.782766,10.850377,-5.748994,0.066715,0.008469,0.001577,69.648963
167.000000,1672.798873,2324.636094,2195.930422,8.849293,10.858823,-5.747442,0.066382,0.008429,0.001542,69.652208
168.000000,1681.681329,2335.499128,2190.183750,8.915595,10.867242,-5.745905,0.066242,0.008412,0.001536,69.653489
169.000000,1690.630033,2346.370575,2184.438611,8.981799,10.875650,-5.744371,0.066176,0.008404,0.001533,69.653998
170.000000,1699.644905,2357.250425,2178.695006,9.047956,10.884051,-5.742840,0.066138,0.008399,0.001531,69.654226
171.000000,1708.725886,2368.138671,2172.952928,9.114087,10.892450,-5.741309,0.066106,0.008395,0.001529,69.654383
172.000000,1717.872960,2379.035310,2167.212379,9.180195,10.900846,-5.739781,0.066080,0.008392,0.001527,69.654487
173.000000,1727.086118,2389.940342,2161.473356,9.246281,10.909238,-5.738254,0.066058,0.008389,0.001526,69.654548
174.000000,1736.365348,2400.853765,2155.735858,9.312346,10.917629,-5.736728,0.066039,0.008387,0.001524,69.654574
175.000000,1745.710633,2411.775577,2149.999885,9.378391,10.926016,-5.735204,0.066023,0.008385,0.001522,69.654576
176.000000,1755.121955,2422.705776,2144.265435,9.444417,10.934402,-5.733682,0.066008,0.008383,0.001521,69.654564
177.000000,1764.599292,2433.644359,2138.532506,9.510425,10.942785,-5.732162,0.065994,0.008381,0.001520,69.654550
178.000000,1774.142625,2444.591323,2132.801096,9.576416,10.951166,-5.730643,0.065978,0.008379,0.001518,69.654543
179.000000,1783.751939,2455.546666,2127.071203,9.642390,10.959544,-5.729126,0.065962,0.008377,0.001517,69.654542
180.000000,1793.427223,2466.510388,2121.342828,9.708347,10.967921,-5.727610,0.065946,0.008375,0.001515,69.654544
181.000000,1803.168466,2477.482487,2115.615968,9.774287,10.976295,-5.726096,0.065931,0.008373,0.001513,69.654542
182.000000,1812.975654,2488.462960,2109.890622,9.840209,10.984667,-5.724584,0.065915,0.008372,0.001512,69.654532
183.000000,1822.848771,2499.451807,2104.166790,9.906114,10.993037,-5.723073,0.065901,0.008370,0.001510,69.654519
184.000000,1832.787797,2510.449024,2098.444468,9.972001,11.001405,-5.721564,0.065886,0.008369,0.001509,69.654505
185.000000,1842.792716,2521.454609,2092.723657,10.037871,11.009770,-5.720056,0.065870,0.008367,0.001507,69.654498
186.000000,1852.863507,2532.468560,2087.004353,10.103724,11.018134,-5.718550,0.065854,0.008365,0.001505,69.654501
187.000000,1863.000154,2543.490875,2081.286555,10.169560,11.026495,-5.717045,0.065837,0.008362,0.001504,69.654520
188.000000,1873.202637,2554.521551,2075.570262,10.235378,11.034854,-5.715542,0.065817,0.008359,0.001502,69.654559
189.000000,1883.470937,2565.560585,2069.855472,10.301180,11.043210,-5.714041,0.065796,0.008355,0.001501,69.654620
190.000000,1893.805037,2576.607976,2064.142183,10.366965,11.051565,-5.712541,0.065774,0.008350,0.001499,69.654692
191.000000,1904.204917,2587.663722,2058.430393,10.432732,11.059917,-5.711043,0.065753,0.008346,0.001497,69.654759
192.000000,1914.670559,2598.727819,2052.720101,10.498483,11.068268,-5.709546,0.065733,0.008343,0.001496,69.654806
193.000000,1925.201945,2609.800265,2047.011305,10.564217,11.076616,-5.708051,0.065715,0.008341,0.001494,69.654818
194.000000,1935.799055,2620.881058,2041.304003,10.629933,11.084962,-5.706558,0.065702,0.008341,0.001493,69.654780
195.000000,1946.461872,2631.970197,2035.598194,10.695633,11.093306,-5.705066,0.065695,0.008344,0.001491,69.654676
196.000000,1957.190376,2643.067677,2029.893876,10.761315,11.101648,-5.703575,0.065693,0.008349,0.001490,69.654507
197.000000,1967.984551,2654.173497,2024.191048,10.826981,11.109987,-5.702087,0.065693,0.008355,0.001488,69.654318
198.000000,1978.844379,2665.287656,2018.489707,10.892629,11.118325,-5.700599,0.065690,0.008360,0.001487,69.654161
199.000000,1989.769844,2676.410150,2012.789852,10.958259,11.126660,-5.699114,0.065679,0.008362,0.001485,69.654091
200.000000,2000.760930,2687.540978,2007.091483,11.023872,11.134992,-5.697629,0.065658,0.008357,0.001484,69.654161
201.000000,2011.817618,2698.680138,2001.394597,11.089468,11.143323,-5.696147,0.065620,0.008345,0.001482,69.654424
202.000000,2022.939891,2709.827627,1995.699192,11.155046,11.151651,-5.694666,0.065561,0.008323,0.001480,69.654935
203.000000,2034.127734,2720.983443,1990.005268,11.220606,11.159977,-5.693186,0.065484,0.008292,0.001478,69.655679
204.000000,2045.381129,2732.147585,1984.312822,11.286150,11.168300,-5.691708,0.065401,0.008258,0.001476,69.656480
205.000000,2056.700058,2743.320049,1978.621853,11.351676,11.176621,-5.690232,0.065331,0.008230,0.001474,69.657137
206.000000,2068.084504,2754.500833,1972.932360,11.417186,11.184941,-5.688757,0.065289,0.008215,0.001472,69.657449
207.000000,2079.534449,2765.689937,1967.244341,11.482680,11.193259,-5.687283,0.065292,0.008223,0.001471,69.657218
208.000000,2091.049877,2776.887356,1961.557794,11.548158,11.201575,-5.685811,0.065358,0.008261,0.001470,69.656243
209.000000,2102.630771,2788.093089,1955.872718,11.613621,11.209890,-5.684341,0.065493,0.008333,0.001470,69.654416
210.000000,2114.277110,2799.307135,1950.189112,11.679059,11.218199,-5.682872,0.065300,0.008245,0.001467,69.656560
211.000000,2125.988885,2810.529490,1944.506973,11.744486,11.226509,-5.681405,0.065360,0.008280,0.001466,69.655648
212.000000,2137.748250,2821.751188,1938.826292,11.761565,11.211308,-5.679948,-0.020296,-0.033379,0.001664,70.688607
213.000000,2149.493461,2832.942788,1933.147205,11.719998,11.167586,-5.678169,-0.054605,-0.050062,0.001917,71.102562
214.000000,2161.183921,2844.084258,1927.469970,11.656377,11.113142,-5.676289,-0.068417,-0.056772,0.001828,71.269405
215.000000,2172.805027,2855.168498,1921.794586,11.584277,11.054582,-5.674486,-0.074332,-0.059642,0.001764,71.341034
216.000000,2184.351754,2866.193074,1916.120979,11.508388,10.994187,-5.672739,-0.076708,-0.060790,0.001733,71.369961
217.000000,2195.821657,2877.156805,1910.449105,11.431003,10.933072,-5.671016,-0.077672,-0.061251,0.001717,71.381854
218.000000,2207.213767,2888.059225,1904.778946,11.353048,10.871686,-5.669305,-0.078083,-0.061444,0.001707,71.387085
219.000000,2218.527737,2898.900175,1899.110493,11.274867,10.810198,-5.667601,-0.078264,-0.061525,0.001702,71.389532
220.000000,2229.763446,2909.679602,1893.443741,11.196593,10.748672,-5.665901,-0.078337,-0.061553,0.001698,71.390670
221.000000,2240.920864,2920.397498,1887.778687,11.118274,10.687131,-5.664204,-0.078345,-0.061551,0.001695,71.391035
222.000000,2251.999984,2931.053867,1882.115330,11.039937,10.625588,-5.662510,-0.078315,-0.061529,0.001693,71.390927
223.000000,2263.000809,2941.648716,1876.453667,10.961599,10.564052,-5.660818,-0.078263,-0.061496,0.001692,71.390555
224.000000,2273.923343,2952.182054,1870.793694,10.883278,10.502531,-5.659129,-0.078205,-0.061461,0.001690,71.390112
225.000000,2284.767591,2962.653890,1865.135411,10.804991,10.441033,-5.657442,-0.078156,-0.061430,0.001689,71.389780
226.000000,2295.533572,2973.064241,1859.478815,10.726742,10.379561,-5.655756,-0.078120,-0.061406,0.001687,71.389613
227.000000,2306.221312,2983.413127,1853.823904,10.648528,10.318113,-5.654072,-0.078097,-0.061388,0.001685,71.389591
228.000000,2316.830839,2993.700569,1848.170676,10.570349,10.256689,-5.652390,-0.078084,-0.061374,0.001683,71.389690
229.000000,2327.362180,3003.926586,1842.519128,10.492201,10.195287,-5.650710,-0.078078,-0.061365,0.001680,71.389877
230.000000,2337.815363,3014.091201,1836.869259,10.414080,10.133905,-5.649031,-0.078075,-0.061356,0.001678,71.390105
231.000000,2348.190417,3024.194434,1831.221067,10.335981,10.072541,-5.647355,-0.078072,-0.061348,0.001676,71.390322
232.000000,2358.487369,3034.236306,1825.574550,10.257901,10.011193,-5.645680,-0.078065,-0.061337,0.001673,71.390490
233.000000,2368.706240,3044.216832,1819.929706,10.179840,9.949861,-5.644008,-0.078053,-0.061325,0.001671,71.390611
234.000000,2378.847049,3054.136028,1814.286533,10.101799,9.888546,-5.642338,-0.078039,-0.061311,0.001669,71.390698
235.000000,2388.909815,3063.993910,1808.645029,10.023780,9.827248,-5.640670,-0.078023,-0.061296,0.001667,71.390764
236.000000,2398.894563,3073.790497,1803.005193,9.945782,9.765967,-5.639004,-0.078006,-0.061281,0.001665,71.390814
237.000000,2408.801320,3083.525810,1797.367021,9.867805,9.704704,-5.637339,-0.077987,-0.061265,0.001663,71.390848
238.000000,2418.630112,3093.199871,1791.730513,9.789850,9.643458,-5.635677,-0.077968,-0.061249,0.001661,71.390865
239.000000,2428.380967,3102.812700,1786.095666,9.711917,9.582230,-5.634017,-0.077947,-0.061231,0.001659,71.390867
240.000000,2438.053912,3112.364319,1780.462478,9.634005,9.521019,-5.632359,-0.077924,-0.061214,0.001657,71.390853
241.000000,2447.648973,3121.854749,1774.830946,9.556115,9.459825,-5.630702,-0.077901,-0.061195,0.001655,71.390824
242.000000,2457.166173,3131.284007,1769.201070,9.478247,9.398649,-5.629048,-0.077876,-0.061176,0.001653,71.390781
243.000000,2466.605520,3140.652101,1763.572847,9.400400,9.337490,-5.627396,-0.077850,-0.061157,0.001651,71.390727
244.000000,2475.967024,3149.959037,1757.946276,9.322576,9.276349,-5.625745,-0.077824,-0.061138,0.001649,71.390667
245.000000,2485.250693,3159.204823,1752.321355,9.244774,9.215226,-5.624097,-0.077798,-0.061118,0.001647,71.390603
246.000000,2494.456535,3168.389464,1746.698082,9.166996,9.154121,-5.622451,-0.077771,-0.061098,0.001645,71.390540
247.000000,2503.584558,3177.512969,1741.076456,9.089240,9.093034,-5.620806,-0.077746,-0.061079,0.001644,71.390481
248.000000,2512.634779,3186.575348,1735.456475,9.011508,9.031965,-5.619163,-0.077720,-0.061060,0.001642,71.390430
249.000000,2521.607256,3195.576648,1729.838136,8.933799,8.970914,-5.617522,-0.077696,-0.061041,0.001640,71.390387
250.000000,2530.502062,3204.516927,1724.221436,8.856114,8.909882,-5.615884,-0.077672,-0.061023,0.001638,71.390351
251.000000,2539.319272,3213.396243,1718.606373,8.778452,8.848867,-5.614247,-0.077648,-0.061004,0.001636,71.390320
252.000000,2548.058960,3222.214656,1712.992943,8.700812,8.787870,-5.612612,-0.077625,-0.060986,0.001634,71.390294
253.000000,2556.721202,3230.972223,1707.381144,8.623196,8.726892,-5.610978,-0.077602,-0.060968,0.001632,71.390271
254.000000,2565.306068,3239.669000,1701.770972,8.545602,8.665931,-5.609347,-0.077580,-0.060951,0.001630,71.390251
255.000000,2573.813519,3248.304957,1696.162428,8.468031,8.604988,-5.607718,-0.077557,-0.060933,0.001628,71.390233
256.000000,2582.243394,3256.879966,1690.555512,8.390483,8.544062,-5.606090,-0.077535,-0.060915,0.001627,71.390216
257.000000,2590.595520,3265.393893,1684.950227,8.312958,8.483155,-5.604465,-0.077513,-0.060898,0.001625,71.390201
258.000000,2598.869728,3273.846605,1679.346574,8.235455,8.422265,-5.602841,-0.077490,-0.060880,0.001623,71.390186
259.000000,2607.065849,3282.237967,1673.744557,8.157975,8.361393,-5.601219,-0.077468,-0.060863,0.001621,71.390171
260.000000,2615.183710,3290.567845,1668.144176,8.080517,8.300539,-5.599599,-0.077446,-0.060845,0.001619,71.390157
261.000000,2623.223222,3298.836169,1662.545433,8.003082,8.239703,-5.597981,-0.077424,-0.060828,0.001617,71.390142
262.000000,2631.184579,3307.043090,1656.948321,7.925670,8.178884,-5.596365,-0.077402,-0.060810,0.001615,71.390126
263.000000,2639.068037,3315.188811,1651.352835,7.848280,8.118083,-5.594751,-0.077380,-0.060793,0.001613,71.390110
264.000000,2646.873853,3323.273534,1645.758968,7.770912,8.057300,-5.593138,-0.077358,-0.060776,0.001612,71.390094
265.000000,2654.602285,3331.297460,1640.166713,7.693567,7.996534,-5.591528,-0.077336,-0.060758,0.001610,71.390078
266.000000,2662.253589,3339.260790,1634.576064,7.616244,7.935786,-5.589919,-0.077314,-0.060741,0.001608,71.390061
267.000000,2669.828022,3347.163728,1628.987014,7.538943,7.875055,-5.588312,-0.077291,-0.060723,0.001606,71.390044
268.000000,2677.325841,3355.006474,1623.399556,7.461664,7.814341,-5.586707,-0.077269,-0.060706,0.001604,71.390027
269.000000,2684.747302,3362.789230,1617.813684,7.384407,7.753645,-5.585104,-0.077247,-0.060688,0.001602,71.390010
270.000000,2692.092663,3370.512199,1612.229392,7.307172,7.692965,-5.583502,-0.077225,-0.060671,0.001600,71.389992
271.000000,2699.362181,3378.175582,1606.646673,7.229959,7.632303,-5.581903,-0.077203,-0.060654,0.001599,71.389975
272.000000,2706.556111,3385.779580,1601.065520,7.152767,7.571658,-5.580305,-0.077181,-0.060636,0.001597,71.389957
273.000000,2713.674713,3393.324397,1595.485927,7.075597,7.511030,-5.578709,-0.077159,-0.060619,0.001595,71.389939
274.000000,2720.718241,3400.810233,1589.907887,6.998448,7.450419,-5.577115,-0.077137,-0.060602,0.001593,71.389922
275.000000,2727.686953,3408.237290,1584.331394,6.921321,7.389824,-5.575522,-0.077115,-0.060584,0.001591,71.389904
276.000000,2734.581068,3415.605740,1578.756442,6.844215,7.329247,-5.573932,-0.077093,-0.060567,0.001590,71.389887
277.000000,2741.400247,3422.915317,1573.183035,6.767131,7.268686,-5.572343,-0.077071,-0.060550,0.001588,71.389869
278.000000,2748.143727,3430.165422,1567.611189,6.690068,7.208142,-5.570755,-0.077049,-0.060532,0.001586,71.389852
279.000000,2754.810736,3437.355448,1562.040918,6.613027,7.147615,-5.569170,-0.077027,-0.060515,0.001584,71.389835
280.000000,2761.400500,3444.484788,1556.472235,6.536008,7.087106,-5.567586,-0.077005,-0.060498,0.001582,71.389818
281.000000,2767.912249,3451.552834,1550.905155,6.459011,7.026614,-5.566005,-0.076983,-0.060481,0.001581,71.389801
282.000000,2774.345208,3458.558981,1545.339691,6.382037,6.966139,-5.564425,-0.076961,-0.060464,0.001579,71.389784
283.000000,2780.698605,3465.502620,1539.775859,6.305085,6.905683,-5.562847,-0.076939,-0.060446,0.001577,71.389767
284.000000,2786.971668,3472.383145,1534.213672,6.228156,6.845244,-5.561271,-0.076917,-0.060429,0.001575,71.389750
285.000000,2793.163624,3479.199949,1528.653144,6.151250,6.784823,-5.559696,-0.076895,-0.060412,0.001573,71.389733
286.000000,2799.273700,3485.952424,1523.094289,6.074367,6.724421,-5.558124,-0.076873,-0.060395,0.001572,71.389716
287.000000,2805.301124,3492.639965,1517.537123,5.997507,6.664036,-5.556553,-0.076852,-0.060378,0.001570,71.389699
288.000000,2811.245122,3499.261963,1511.981658,5.920671,6.603671,-5.554985,-0.076830,-0.060361,0.001568,71.389683
289.000000,2817.104923,3505.817811,1506.427909,5.843859,6.543324,-5.553418,-0.076808,-0.060344,0.001566,71.389666
290.000000,2822.879754,3512.306904,1500.875890,5.767071,6.482996,-5.551853,-0.076786,-0.060327,0.001565,71.389649
291.000000,2828.568859,3518.728646,1495.325615,5.690307,6.422686,-5.550291,-0.076765,-0.060310,0.001563,71.389632
292.000000,2834.176809,3525.086630,1489.776990,5.613565,6.362395,-5.548730,-0.076743,-0.060293,0.001561,71.389615
293.000000,2839.721016,3531.394534,1484.229661,5.536842,6.302118,-5.547170,-0.076721,-0.060276,0.001559,71.389598
294.000000,2845.220788,3537.667529,1478.683236,5.460131,6.241851,-5.545612,-0.076700,-0.060259,0.001557,71.389582
295.000000,2850.695433,3543.920782,1473.137321,5.383427,6.181589,-5.544054,-0.076678,-0.060242,0.001556,71.389565
